name,invasive
1,0.97690349817276
2,0.000674171547871083
3,0.03722706064581871
4,0.0028199029620736837
5,0.9997283816337585
6,0.027139509096741676
7,0.030312933027744293
8,0.9999986886978149
9,1.0
10,0.0031549434643238783
11,0.001177490339614451
12,0.007648707367479801
13,0.00911809504032135
14,0.9999996423721313
15,0.010358795523643494
16,0.04310589283704758
17,0.00018154908320866525
18,0.002271920908242464
19,0.0006697898497804999
20,0.0006056169513612986
21,0.999998927116394
22,0.025922752916812897
23,0.9667268395423889
24,0.1881992667913437
25,1.0
26,0.9999982118606567
27,0.9970847964286804
28,0.007494362071156502
29,0.009244916029274464
30,0.0041167642921209335
31,0.007763797417283058
32,0.46645259857177734
33,1.0
34,1.0
35,0.003994300030171871
36,0.9771117568016052
37,0.01922035776078701
38,0.012051587924361229
39,0.4636082947254181
40,0.011912361718714237
41,1.0
42,0.019939808174967766
43,0.0012978961458429694
44,0.03971906751394272
45,0.9999210834503174
46,0.007170266471803188
47,0.003803912317380309
48,0.9735259413719177
49,0.006457995623350143
50,0.9999997615814209
51,1.0
52,1.0
53,0.13675342500209808
54,0.05382192134857178
55,0.9993969202041626
56,0.008550707250833511
57,0.014435839839279652
58,1.0
59,0.007744008209556341
60,0.032567594200372696
61,0.006588391959667206
62,0.0636751651763916
63,1.0
64,0.9999876022338867
65,0.0356653556227684
66,0.0007339794537983835
67,0.00014677307626698166
68,1.0
69,0.02077733352780342
70,1.0
71,0.001872265012934804
72,0.0006698983488604426
73,0.009414839558303356
74,0.0059010242111980915
75,0.02921867184340954
76,0.017319707199931145
77,0.9907608032226562
78,0.9999998807907104
79,0.007015594281256199
80,0.001610438572242856
81,0.005471702665090561
82,0.17749188840389252
83,0.03241032361984253
84,0.001647144672460854
85,1.0
86,0.0059777116402983665
87,0.9998304843902588
88,0.18700678646564484
89,0.9999690055847168
90,0.003655082080513239
91,0.8107767701148987
92,0.0004270629433449358
93,0.003935323096811771
94,0.037508584558963776
95,0.0008611869998276234
96,0.14661994576454163
97,1.0
98,0.018957624211907387
99,0.9999982118606567
100,0.031234681606292725
101,0.040837228298187256
102,0.002925753826275468
103,0.9412785768508911
104,0.9999895095825195
105,0.999122679233551
106,0.030102737247943878
107,0.07484336197376251
108,0.9521251320838928
109,0.9347478151321411
110,0.00019550461729522794
111,0.08877617120742798
112,0.0001163164124591276
113,0.0060345204547047615
114,0.004241278860718012
115,0.9999988079071045
116,1.0
117,1.0
118,0.010135672986507416
119,0.9998267292976379
120,1.0
121,1.0
122,0.049290768802165985
123,0.08166571706533432
124,1.0
125,0.9999982118606567
126,0.002139483345672488
127,0.01676606386899948
128,1.0
129,0.16391347348690033
130,0.9827132225036621
131,0.01230005081743002
132,0.5980797410011292
133,0.0052666193805634975
134,0.9999880790710449
135,0.001608111197128892
136,0.3062051236629486
137,0.13059182465076447
138,0.0018165617948397994
139,0.9999806880950928
140,1.0
141,1.0
142,0.7304301261901855
143,0.004499174188822508
144,0.0014720059698447585
145,0.004663526546210051
146,0.8901566863059998
147,1.0
148,0.9999889135360718
149,0.013509449549019337
150,0.02871451899409294
151,0.01120661199092865
152,0.6930344700813293
153,0.013021249324083328
154,1.0
155,0.8232463002204895
156,1.0
157,0.0036500704009085894
158,0.10810798406600952
159,0.13485339283943176
160,0.9999998807907104
161,0.8992539048194885
162,0.057763926684856415
163,0.02018950693309307
164,0.0019061092752963305
165,0.9997112154960632
166,0.008058278821408749
167,0.000637431163340807
168,1.0
169,0.9999998807907104
170,0.31498458981513977
171,0.06679429858922958
172,0.0014732161071151495
173,1.0
174,0.03516267612576485
175,0.9991950392723083
176,0.004249773919582367
177,0.0006531765102408826
178,0.037035975605249405
179,1.0
180,0.01768437959253788
181,0.9728307723999023
182,1.0
183,0.008838186040520668
184,0.0003924617194570601
185,0.0003721488465089351
186,0.6178597211837769
187,0.9999862909317017
188,0.06950248777866364
189,0.001710904878564179
190,0.02045496739447117
191,0.09522930532693863
192,1.0
193,1.0
194,0.002777702873572707
195,0.011300927959382534
196,0.036301810294389725
197,0.00014563284639734775
198,0.09549897909164429
199,0.005218902137130499
200,0.9999814033508301
201,0.08455295115709305
202,0.9999920129776001
203,0.9999997615814209
204,0.9969272017478943
205,0.000753842992708087
206,0.007467616815119982
207,0.27761217951774597
208,0.004274563863873482
209,0.9999982118606567
210,1.0
211,0.980362057685852
212,0.004825048614293337
213,0.003392016515135765
214,1.0
215,0.050589386373758316
216,0.556926965713501
217,0.033513087779283524
218,0.0008325247326865792
219,0.005445422604680061
220,1.0
221,1.0
222,0.9988941550254822
223,0.9999910593032837
224,0.006554343272000551
225,1.0
226,0.01432848908007145
227,1.0
228,0.9999997615814209
229,1.0
230,0.14424796402454376
231,0.9999998807907104
232,1.0
233,0.13491596281528473
234,1.0
235,0.0032856271136552095
236,1.0
237,1.0
238,0.01384846679866314
239,1.0
240,0.0018822324927896261
241,0.004968842025846243
242,0.05302879586815834
243,0.007657167036086321
244,1.0
245,0.9737367630004883
246,0.04393241927027702
247,0.03666723519563675
248,0.9999951124191284
249,1.0
250,0.004290252923965454
251,0.0794948935508728
252,0.0008947405149228871
253,1.0
254,0.017768576741218567
255,0.015932612121105194
256,0.004025635309517384
257,0.002066047163680196
258,0.9557822346687317
259,0.9727140069007874
260,0.014948166906833649
261,0.7263509631156921
262,0.0037868351209908724
263,0.009892924688756466
264,1.0
265,0.0016469486290588975
266,0.06320906430482864
267,0.999427080154419
268,1.0
269,0.03704877570271492
270,0.004682991188019514
271,1.0
272,0.0018361484399065375
273,1.0
274,0.15795694291591644
275,0.10839943587779999
276,0.9999954700469971
277,0.037645578384399414
278,0.9999998807907104
279,0.0025583801325410604
280,0.9999895095825195
281,0.9999682903289795
282,0.3464277982711792
283,0.009701776318252087
284,0.00404388876631856
285,0.9999998807907104
286,0.002834345679730177
287,0.20669050514698029
288,0.0028785725589841604
289,0.014761018566787243
290,0.0019004244823008776
291,0.9999994039535522
292,0.00014730375551152974
293,0.012642448768019676
294,0.001064926153048873
295,0.12487442046403885
296,0.0044998833909630775
297,0.13610202074050903
298,0.002732871100306511
299,0.03901393711566925
300,0.0008469029562547803
301,0.009057112969458103
302,0.9997672438621521
303,0.027256058529019356
304,1.0
305,1.0
306,0.9999990463256836
307,0.0008800513460300863
308,0.019540362060070038
309,0.019495753571391106
310,0.006844221614301205
311,0.012903127819299698
312,0.9999721050262451
313,0.5733506083488464
314,0.5191789269447327
315,0.006214444991201162
316,0.002198155503720045
317,0.0006561132613569498
318,0.9999967813491821
319,0.9999727010726929
320,0.07841140776872635
321,0.9995537400245667
322,1.0
323,1.0
324,0.0007210056646727026
325,0.0007952050073072314
326,0.028591347858309746
327,0.9996744394302368
328,0.0036755113396793604
329,0.1752827912569046
330,0.7661707401275635
331,0.018855025991797447
332,0.09424217790365219
333,1.0
334,0.007641356438398361
335,0.00248498423025012
336,1.0
337,0.022510522976517677
338,0.13711629807949066
339,0.02521759457886219
340,0.001339196227490902
341,0.0067163435742259026
342,0.01361452043056488
343,0.9942092895507812
344,0.02586609683930874
345,1.0
346,0.0602513886988163
347,0.037648048251867294
348,0.999806821346283
349,0.585628867149353
350,0.011107197031378746
351,0.00448254169896245
352,1.0
353,0.009853619150817394
354,0.5677851438522339
355,1.0
356,0.006089031230658293
357,0.9999337196350098
358,0.011497165076434612
359,0.0006367772002704442
360,0.002459885785356164
361,0.005774863995611668
362,0.017222167924046516
363,0.9991818070411682
364,0.9985517859458923
365,0.012022622860968113
366,0.013296464458107948
367,0.2643899619579315
368,0.002787793753668666
369,0.9999998807907104
370,1.0
371,0.9999997615814209
372,1.0
373,0.002902902429923415
374,0.002998144831508398
375,0.018404683098196983
376,0.11390849202871323
377,0.003241554368287325
378,0.0014809436397626996
379,0.003675497369840741
380,0.9700304269790649
381,1.0
382,0.00029888568678870797
383,0.004731787834316492
384,0.9999892711639404
385,0.013527673669159412
386,0.9999960660934448
387,0.008477471768856049
388,0.9999997615814209
389,0.22109416127204895
390,0.15655626356601715
391,0.0010170353343710303
392,0.00018770182214211673
393,0.0028043652419000864
394,0.0011917237425222993
395,0.5927438139915466
396,0.0030800309032201767
397,0.9999994039535522
398,0.17597182095050812
399,0.0061170123517513275
400,0.026670394465327263
401,0.9999995231628418
402,0.008166531100869179
403,0.9910099506378174
404,0.4957258403301239
405,0.008453409187495708
406,0.9900824427604675
407,0.10047891736030579
408,0.9649905562400818
409,0.5907444357872009
410,0.0012006338220089674
411,0.022108210250735283
412,0.18826064467430115
413,1.0
414,0.07120642811059952
415,0.06425563991069794
416,0.03700006753206253
417,0.02363302744925022
418,0.999984622001648
419,0.9999943971633911
420,0.9999661445617676
421,0.005820285528898239
422,0.001947541837580502
423,0.06978486478328705
424,0.0004357369034551084
425,1.0
426,0.02889382280409336
427,0.005085819400846958
428,1.0
429,0.4148690700531006
430,0.005845042876899242
431,0.01883123070001602
432,0.0010451494017615914
433,0.0673738569021225
434,0.19551633298397064
435,0.9999977350234985
436,0.09859111160039902
437,0.010702175088226795
438,0.9999998807907104
439,0.9453524947166443
440,0.5206629037857056
441,0.9999998807907104
442,0.4061555564403534
443,0.007998853921890259
444,0.3533790409564972
445,0.021122299134731293
446,0.021273458376526833
447,0.0022059211041778326
448,0.07084455341100693
449,0.0026061309035867453
450,0.9993765950202942
451,0.18478326499462128
452,0.007986929267644882
453,0.012898148968815804
454,0.9608727097511292
455,1.0
456,0.00953197106719017
457,0.05536286160349846
458,0.8955981731414795
459,0.058433130383491516
460,0.0006832659710198641
461,1.0
462,0.009839012287557125
463,0.0005063865683041513
464,0.9113984704017639
465,0.252280056476593
466,0.0009114783606491983
467,0.002332986332476139
468,1.0
469,1.0
470,0.9844537377357483
471,0.19991172850131989
472,0.06352550536394119
473,0.014536453410983086
474,0.033779971301555634
475,0.9998034834861755
476,0.006752967834472656
477,0.007358194328844547
478,0.019143125042319298
479,0.9999977350234985
480,0.0010766909690573812
481,0.8911903500556946
482,0.0038771475665271282
483,0.16820159554481506
484,0.0010100723011419177
485,1.0
486,0.7908127307891846
487,0.6717872619628906
488,0.9581092596054077
489,0.00031616943306289613
490,0.0072327908128499985
491,1.0
492,0.057213522493839264
493,0.0037640295922756195
494,0.9999997615814209
495,0.00105600047390908
496,0.9999889135360718
497,0.0006312555051408708
498,0.0012807826278731227
499,0.2159820944070816
500,0.040356528013944626
501,0.9996730089187622
502,1.0
503,0.0031080967746675014
504,0.8334144353866577
505,0.012533584609627724
506,0.9973675608634949
507,0.9999998807907104
508,0.9999988079071045
509,0.038440387696027756
510,1.0
511,0.008733582682907581
512,0.0038225078023970127
513,0.9993922710418701
514,0.000974161783233285
515,0.964314877986908
516,0.8665491342544556
517,0.11795011907815933
518,0.9998319149017334
519,0.0005878152442164719
520,1.0
521,0.7757226228713989
522,0.8540998101234436
523,0.02650652639567852
524,1.0
525,0.05046902224421501
526,1.0
527,1.0
528,0.9999997615814209
529,0.30150744318962097
530,0.004416354466229677
531,0.006345581263303757
532,0.03193677216768265
533,0.9891133308410645
534,0.001043675816617906
535,0.7585841417312622
536,0.02945362776517868
537,0.006443509832024574
538,0.008414585143327713
539,0.09337993711233139
540,0.0029579056426882744
541,0.25363385677337646
542,0.008353210985660553
543,0.0028002983890473843
544,0.036931801587343216
545,0.9992063641548157
546,0.6581941246986389
547,0.9999995231628418
548,0.02396564371883869
549,0.009162282571196556
550,0.998543381690979
551,0.010926846414804459
552,0.9787970781326294
553,0.09707771241664886
554,0.9844026565551758
555,0.5037363767623901
556,0.040512192994356155
557,0.4269825220108032
558,0.13470511138439178
559,1.0
560,0.013789890334010124
561,0.011169054545462132
562,0.0006594018777832389
563,0.0073428088799119
564,0.0019568344578146935
565,0.0010999228106811643
566,1.0
567,0.9974554181098938
568,0.00587551249191165
569,1.0
570,0.0010404790518805385
571,0.02706238441169262
572,0.8545939326286316
573,0.012379585765302181
574,0.026599861681461334
575,1.0
576,0.9999997615814209
577,0.9968288540840149
578,0.002252065809443593
579,0.9999932050704956
580,0.0013551648007705808
581,1.0
582,0.9818515777587891
583,0.20114655792713165
584,0.01993786171078682
585,0.24085362255573273
586,0.009451491758227348
587,0.1671108603477478
588,0.004624478053301573
589,0.05623190477490425
590,0.9912595152854919
591,0.004368145484477282
592,0.045013513416051865
593,0.22973087430000305
594,0.9807677865028381
595,0.5959594249725342
596,0.009176179766654968
597,0.028510035946965218
598,0.00829201377928257
599,0.9999997615814209
600,0.0013621184043586254
601,0.00026604579761624336
602,0.020401744171977043
603,0.48831403255462646
604,0.9999998807907104
605,0.024454301223158836
606,0.2615838944911957
607,0.003958188463002443
608,0.07760196924209595
609,1.0
610,0.005084183998405933
611,0.0019342482555657625
612,0.9999923706054688
613,0.9999990463256836
614,0.9999803304672241
615,1.0
616,0.005263492465019226
617,0.9998565912246704
618,0.9999998807907104
619,0.9999995231628418
620,0.008868034929037094
621,0.00880658719688654
622,1.0
623,0.006870278622955084
624,0.0032446400728076696
625,0.03460424393415451
626,0.5818893909454346
627,0.17466893792152405
628,1.0
629,0.010176495648920536
630,0.8278740644454956
631,1.0
632,0.11046152561903
633,0.999981164932251
634,0.001110048033297062
635,1.0
636,0.014622400514781475
637,0.04712551459670067
638,0.02126230113208294
639,0.008535529486835003
640,0.0137523477897048
641,0.9702666401863098
642,0.9999997615814209
643,0.9999997615814209
644,0.0003764130233321339
645,0.577401876449585
646,0.9995561242103577
647,0.953978955745697
648,0.9999980926513672
649,0.019579194486141205
650,0.0029392302967607975
651,0.05199647694826126
652,1.0
653,0.7402346134185791
654,0.025077560916543007
655,0.00221396260894835
656,0.9999959468841553
657,0.0028365026228129864
658,0.0840129405260086
659,0.006859784480184317
660,0.2643810212612152
661,0.00642667431384325
662,0.9999954700469971
663,0.9999927282333374
664,1.0
665,1.0
666,0.00037565481034107506
667,0.6425177454948425
668,0.9977239966392517
669,0.030989402905106544
670,0.02655237540602684
671,0.35659608244895935
672,1.0
673,0.007247068919241428
674,0.00011564939632080495
675,0.9986225366592407
676,0.0013702046126127243
677,0.09310220927000046
678,0.9999841451644897
679,0.9972050786018372
680,0.9999998807907104
681,0.007073759101331234
682,0.0037259545642882586
683,0.1636873334646225
684,0.6392919421195984
685,0.011373519897460938
686,0.19827799499034882
687,0.006041376851499081
688,0.14524848759174347
689,0.01609824411571026
690,0.002699105069041252
691,0.897045910358429
692,0.0014238484436646104
693,0.9902465343475342
694,0.041803598403930664
695,0.024002941325306892
696,1.0
697,0.0014817336341366172
698,0.003020468633621931
699,0.03422323241829872
700,0.999767005443573
701,1.0
702,0.007340056821703911
703,0.00042867360753007233
704,0.004618178587406874
705,0.0332384891808033
706,1.0
707,0.13049285113811493
708,1.0
709,0.9999748468399048
710,0.6392986178398132
711,0.062455907464027405
712,0.03523508459329605
713,1.0
714,1.0
715,0.9998131394386292
716,0.005073774605989456
717,0.9957711100578308
718,0.0010582926915958524
719,0.004870499484241009
720,0.00945232156664133
721,0.46573254466056824
722,0.9999622106552124
723,0.995864748954773
724,0.000793461047578603
725,0.02027384750545025
726,0.017097165808081627
727,0.12405157834291458
728,0.0015850336058065295
729,0.000659979647025466
730,0.0011366431135684252
731,0.004662676714360714
732,1.0
733,0.06949726492166519
734,0.002444205107167363
735,0.04109489545226097
736,0.0021852541249245405
737,0.001498345984145999
738,0.9984294772148132
739,0.0007689371705055237
740,0.004831615369766951
741,0.9999951124191284
742,0.0037352517247200012
743,0.9998308420181274
744,0.9999867677688599
745,0.005353351589292288
746,0.7611233592033386
747,0.007505109068006277
748,0.9040608406066895
749,0.9636808037757874
750,0.019981052726507187
751,1.0
752,0.036688387393951416
753,0.0018609467661008239
754,0.00022378818539436907
755,0.0027574440464377403
756,0.004824343603104353
757,0.03790245205163956
758,0.9999997615814209
759,0.36092373728752136
760,0.04300037398934364
761,0.014961323700845242
762,0.9999998807907104
763,0.0016506424872204661
764,1.0
765,0.9999957084655762
766,0.044374190270900726
767,0.008873275481164455
768,0.9999674558639526
769,0.005954573396593332
770,0.5681450366973877
771,0.9999932050704956
772,0.9999997615814209
773,1.0
774,0.0061340415850281715
775,0.07753796875476837
776,0.0021348586305975914
777,0.9999998807907104
778,0.0007725485484115779
779,1.0
780,0.9999997615814209
781,0.0009098020964302123
782,0.014683855697512627
783,0.9999997615814209
784,0.9982317090034485
785,1.0
786,0.008587563410401344
787,0.8709089159965515
788,0.004340382758527994
789,0.010639774613082409
790,1.0
791,0.004021175671368837
792,0.4829753041267395
793,0.006768260151147842
794,0.0008362289518117905
795,0.0765027329325676
796,1.0
797,0.9999719858169556
798,0.003014535177499056
799,0.999963641166687
800,0.9367960095405579
801,0.00017186479817610234
802,0.9998582601547241
803,0.01624438725411892
804,0.004754265770316124
805,0.9999997615814209
806,0.9999788999557495
807,0.022807052358984947
808,0.002773550571873784
809,0.9999954700469971
810,0.9225592613220215
811,1.0
812,0.007502779830247164
813,1.0
814,0.14727871119976044
815,0.11358097940683365
816,0.9999978542327881
817,0.9999971389770508
818,0.1484103798866272
819,0.8607451319694519
820,0.44558969140052795
821,0.0008569076308049262
822,0.01051679253578186
823,0.25197285413742065
824,0.9999995231628418
825,0.007830160669982433
826,0.0016134437173604965
827,0.9202502965927124
828,0.9942178726196289
829,1.0
830,0.009480920620262623
831,1.0
832,0.0011264097411185503
833,0.9603410363197327
834,0.07218439131975174
835,0.1013813465833664
836,0.16062070429325104
837,0.5954887270927429
838,0.03702908381819725
839,0.0026557256933301687
840,0.00025935968733392656
841,0.004910063464194536
842,1.0
843,0.011913876980543137
844,1.0
845,0.03425222635269165
846,0.02248217537999153
847,0.028874952346086502
848,0.9999442100524902
849,0.01397716999053955
850,0.016812393441796303
851,0.9999990463256836
852,0.004870240576565266
853,1.0
854,0.037239883095026016
855,0.01720922812819481
856,0.006555262487381697
857,0.9995446801185608
858,0.9916640520095825
859,0.9996346235275269
860,0.011574100703001022
861,0.0006702284445054829
862,0.9999932050704956
863,0.01155004557222128
864,0.05681411549448967
865,0.017182182520627975
866,0.999796450138092
867,0.256740540266037
868,0.0011295742588117719
869,0.9999992847442627
870,0.42345696687698364
871,0.018516642972826958
872,0.4925961494445801
873,0.18583302199840546
874,0.877213716506958
875,1.0
876,1.0
877,0.0007348319049924612
878,0.07528740167617798
879,0.9998700618743896
880,0.967705249786377
881,0.002505731303244829
882,0.9999997615814209
883,0.010970022529363632
884,1.0
885,0.007564322091639042
886,0.1165454313158989
887,0.9997161030769348
888,0.0009272012393921614
889,0.9999998807907104
890,0.9906324148178101
891,0.9697871208190918
892,0.9999995231628418
893,0.9879781007766724
894,0.9394040107727051
895,0.037263497710227966
896,0.5142248272895813
897,0.0027275977190583944
898,0.0167126152664423
899,0.02400456741452217
900,0.9999996423721313
901,0.9959844350814819
902,0.18915440142154694
903,0.00040114420698955655
904,0.999992847442627
905,0.02898266166448593
906,0.028260488063097
907,0.018955225124955177
908,0.00024034662055782974
909,1.0
910,0.005868436768651009
911,1.0
912,0.008634842000901699
913,0.002615966135635972
914,0.9436456561088562
915,0.6574881076812744
916,0.4056607186794281
917,1.0
918,0.3456108868122101
919,0.9705076217651367
920,1.0
921,1.0
922,0.0007815437274985015
923,0.004188436549156904
924,0.8214396238327026
925,0.00793510302901268
926,1.0
927,0.0024492726661264896
928,1.0
929,0.999983549118042
930,0.005908553022891283
931,0.013929566368460655
932,0.024849941954016685
933,0.9823494553565979
934,0.5156610012054443
935,0.998501181602478
936,0.007946394383907318
937,1.0
938,0.013357988558709621
939,0.0004693919909186661
940,0.9999707937240601
941,0.0029729653615504503
942,0.0062639606185257435
943,0.988709032535553
944,0.006132593844085932
945,0.0007315556867979467
946,0.8872290849685669
947,0.0020736628212034702
948,0.003581653581932187
949,1.0
950,0.9979442954063416
951,0.9999998807907104
952,0.00813386682420969
953,0.0012460971483960748
954,0.20444560050964355
955,0.006825234740972519
956,0.9992055296897888
957,1.0
958,0.720840573310852
959,0.11522405594587326
960,0.99504154920578
961,1.0
962,1.0
963,0.9999998807907104
964,0.0005313280271366239
965,0.00013304967433214188
966,1.0
967,1.0
968,0.0006820103735662997
969,0.04822421818971634
970,0.014752131886780262
971,0.003513292409479618
972,0.9994439482688904
973,0.03138004615902901
974,1.0
975,0.16577501595020294
976,0.000622584659140557
977,0.025677215307950974
978,1.0
979,0.017076438292860985
980,0.02015344798564911
981,0.009478270076215267
982,0.9999960660934448
983,0.054381463676691055
984,0.9969305396080017
985,0.006793084088712931
986,1.0
987,0.9999945163726807
988,0.7762209177017212
989,1.0
990,1.0
991,0.0009127671946771443
992,0.9999982118606567
993,0.9999922513961792
994,0.005578798241913319
995,0.27230679988861084
996,0.0069007594138383865
997,0.9890384674072266
998,0.16643844544887543
999,1.0
1000,0.1772235929965973
1001,0.013474815525114536
1002,0.07819230109453201
1003,0.994425892829895
1004,0.9998706579208374
1005,0.9969651103019714
1006,0.009168301708996296
1007,0.0006017487612552941
1008,0.002562342444434762
1009,0.9999996423721313
1010,0.00680518476292491
1011,0.001656611100770533
1012,1.0
1013,0.9991728663444519
1014,0.8576143980026245
1015,0.001667685341089964
1016,0.0037422634195536375
1017,0.09423310309648514
1018,0.6074628829956055
1019,0.03527731075882912
1020,0.2176603525876999
1021,0.010655868798494339
1022,0.004207664635032415
1023,0.000419576681451872
1024,0.8483380079269409
1025,0.007360103074461222
1026,0.07419698685407639
1027,0.0682225376367569
1028,0.006144050043076277
1029,0.009703150019049644
1030,0.0231890007853508
1031,0.7079829573631287
1032,0.012268704362213612
1033,0.0033152070827782154
1034,0.9999992847442627
1035,0.0014551086351275444
1036,1.0
1037,1.0
1038,0.002394479000940919
1039,0.9994219541549683
1040,0.9999997615814209
1041,0.022966334596276283
1042,1.0
1043,1.0
1044,0.03245173394680023
1045,0.032453201711177826
1046,1.0
1047,1.0
1048,0.02377863973379135
1049,0.0018907045014202595
1050,0.9967329502105713
1051,0.008650538511574268
1052,0.0002262420894112438
1053,0.01717778854072094
1054,1.0
1055,0.9857770800590515
1056,0.003676300635561347
1057,1.0
1058,0.9970976114273071
1059,0.9999768733978271
1060,1.0
1061,0.0005882675177417696
1062,0.9986273050308228
1063,0.0003733192861545831
1064,0.022075556218624115
1065,0.9999958276748657
1066,0.999852180480957
1067,0.00013431700062938035
1068,0.9994588494300842
1069,1.0
1070,0.0002705874794628471
1071,0.26625293493270874
1072,0.03498198091983795
1073,0.0038545287679880857
1074,1.0
1075,0.9988314509391785
1076,0.005187089554965496
1077,0.9990057349205017
1078,0.04941892251372337
1079,1.0
1080,0.1631823182106018
1081,1.0
1082,0.9999738931655884
1083,0.9518654942512512
1084,0.9999998807907104
1085,0.8421412706375122
1086,0.0002638471487443894
1087,0.005122844595462084
1088,0.011380202136933804
1089,1.0
1090,0.24434533715248108
1091,1.0
1092,0.14892292022705078
1093,0.009434177540242672
1094,0.9638127684593201
1095,0.9966902732849121
1096,0.01692250370979309
1097,0.2385830581188202
1098,0.03845129907131195
1099,0.02444305270910263
1100,0.9999982118606567
1101,0.999998927116394
1102,0.9999997615814209
1103,0.4326290786266327
1104,0.019804811105132103
1105,0.036888595670461655
1106,1.0
1107,0.9999786615371704
1108,0.009561991319060326
1109,1.0
1110,0.41526249051094055
1111,0.0008454902563244104
1112,0.0003092964179813862
1113,0.004626963287591934
1114,0.020450802519917488
1115,0.2906860113143921
1116,1.0
1117,0.9999992847442627
1118,0.0225298460572958
1119,0.6831924915313721
1120,0.4199577867984772
1121,0.0002628430665936321
1122,1.0
1123,0.3936913311481476
1124,0.002067742869257927
1125,0.02593022584915161
1126,1.0
1127,0.013253355398774147
1128,0.012195144779980183
1129,0.012855938635766506
1130,0.019773636013269424
1131,1.0
1132,0.001823877333663404
1133,0.0530080609023571
1134,1.0
1135,0.015948858112096786
1136,0.01105345319956541
1137,1.0
1138,0.04126822203397751
1139,0.9871342778205872
1140,0.10526321828365326
1141,0.022134050726890564
1142,1.0
1143,0.02052249200642109
1144,0.25235891342163086
1145,0.0036124640610069036
1146,0.0021651387214660645
1147,0.48825013637542725
1148,0.023558707907795906
1149,0.00786442682147026
1150,0.7877261638641357
1151,0.005827491171658039
1152,0.9999996423721313
1153,0.0007270672358572483
1154,0.714234471321106
1155,0.0447271466255188
1156,0.9999997615814209
1157,0.006991585250943899
1158,0.002355623058974743
1159,0.0063083418644964695
1160,0.15132850408554077
1161,1.0
1162,1.0
1163,0.036577045917510986
1164,0.5095793604850769
1165,0.043369922786951065
1166,0.00492874626070261
1167,0.9997256398200989
1168,1.0
1169,0.005586454179137945
1170,0.502799928188324
1171,1.0
1172,1.0
1173,0.004039504565298557
1174,0.9998979568481445
1175,0.00028750518686138093
1176,1.0
1177,0.773594319820404
1178,0.0001560777163831517
1179,0.014504588209092617
1180,1.0
1181,1.0
1182,1.0
1183,0.0003122959169559181
1184,0.004248232580721378
1185,0.0020563644357025623
1186,0.23973725736141205
1187,1.0
1188,0.040071818977594376
1189,0.011987410485744476
1190,0.07072333246469498
1191,0.0014876165660098195
1192,0.020924996584653854
1193,0.001618633745238185
1194,0.09319702535867691
1195,0.0021961189340800047
1196,0.9907901287078857
1197,0.9281341433525085
1198,0.05281848460435867
1199,0.425535649061203
1200,1.0
1201,0.0008100893464870751
1202,0.8526437282562256
1203,0.992897629737854
1204,0.00622907467186451
1205,0.56413334608078
1206,0.0009766569128260016
1207,0.0011610332876443863
1208,0.004803227260708809
1209,0.005487537942826748
1210,0.7367150783538818
1211,0.0636867955327034
1212,1.0
1213,0.6755170226097107
1214,0.002038550330325961
1215,0.026591051369905472
1216,0.14832596480846405
1217,0.008625327609479427
1218,1.0
1219,0.09911578893661499
1220,0.019924933090806007
1221,0.64835524559021
1222,0.9998633861541748
1223,1.0
1224,0.24066835641860962
1225,1.0
1226,0.24983684718608856
1227,1.0
1228,1.0
1229,0.27282750606536865
1230,0.9655696153640747
1231,0.03427501767873764
1232,0.038970381021499634
1233,0.0007556417840532959
1234,1.0
1235,0.002264442853629589
1236,1.0
1237,0.9981300234794617
1238,0.0056386673822999
1239,0.011772404424846172
1240,0.010679692961275578
1241,0.010930969379842281
1242,0.02991221658885479
1243,0.0019641921389847994
1244,1.0
1245,0.44165948033332825
1246,0.0022020619362592697
1247,0.0029001019429415464
1248,0.9999988079071045
1249,0.010280758142471313
1250,0.2986162602901459
1251,0.0032430244609713554
1252,0.036339398473501205
1253,0.9952906370162964
1254,0.0028784875757992268
1255,0.9999643564224243
1256,0.008950965479016304
1257,0.0028065501246601343
1258,0.9841835498809814
1259,0.021594081073999405
1260,0.017146211117506027
1261,0.0015265719266608357
1262,0.00376760377548635
1263,0.0026796115562319756
1264,0.0050858003087341785
1265,0.0026420399080961943
1266,0.05270600691437721
1267,0.05708678439259529
1268,0.999613344669342
1269,0.9999963045120239
1270,0.9999998807907104
1271,0.003611598862335086
1272,0.08539307117462158
1273,1.0
1274,0.999890923500061
1275,0.9999998807907104
1276,0.014406845904886723
1277,0.003619301365688443
1278,0.00309515162371099
1279,1.0
1280,0.027070356532931328
1281,0.03453864902257919
1282,0.008845649659633636
1283,0.04525488615036011
1284,0.9999538660049438
1285,0.006733090616762638
1286,0.8585131764411926
1287,0.00046948465751484036
1288,0.9999942779541016
1289,0.0003395121020730585
1290,0.001525291707366705
1291,0.09941290318965912
1292,0.003126818686723709
1293,0.9673427939414978
1294,0.021428169682621956
1295,1.0
1296,0.9999998807907104
1297,0.019706645980477333
1298,0.0028990348801016808
1299,0.013937743380665779
1300,0.0003304002166260034
1301,0.9999996423721313
1302,0.9999717473983765
1303,0.00552574684843421
1304,0.9999997615814209
1305,1.0
1306,0.9999231100082397
1307,0.9998878240585327
1308,0.0023709554225206375
1309,0.15620678663253784
1310,0.022309180349111557
1311,0.007443706505000591
1312,0.002053647767752409
1313,0.005857114214450121
1314,0.17755551636219025
1315,0.0008967213798314333
1316,0.7292342185974121
1317,0.984686017036438
1318,0.9999996423721313
1319,0.0004077633493579924
1320,0.1731008142232895
1321,1.0
1322,0.8762820959091187
1323,0.9999988079071045
1324,1.0
1325,0.005665804725140333
1326,0.2977522611618042
1327,0.008581379428505898
1328,0.030178120359778404
1329,0.002690396038815379
1330,0.0062781344167888165
1331,0.9999985694885254
1332,0.9999619722366333
1333,1.0
1334,0.0012769299792125821
1335,0.07926452904939651
1336,0.2754104435443878
1337,1.0
1338,0.002438438357785344
1339,0.3334510624408722
1340,0.009269475936889648
1341,0.0030192481353878975
1342,0.998705267906189
1343,0.08714278787374496
1344,0.9745746850967407
1345,0.9999996423721313
1346,0.040417902171611786
1347,0.06122535094618797
1348,0.0032753432169556618
1349,0.999964714050293
1350,0.19191008806228638
1351,1.0
1352,1.0
1353,0.9028139710426331
1354,0.004273825325071812
1355,1.0
1356,1.0
1357,0.0018016839167103171
1358,0.915825366973877
1359,0.2500661015510559
1360,1.0
1361,0.0027743868995457888
1362,0.005782699678093195
1363,0.9999970197677612
1364,0.008219055831432343
1365,0.002454761415719986
1366,0.014925001189112663
1367,0.569208025932312
1368,0.2527739107608795
1369,0.0007087255362421274
1370,0.04620271176099777
1371,0.999983549118042
1372,0.9775326251983643
1373,0.1297190934419632
1374,0.5127618908882141
1375,0.6962266564369202
1376,0.9657226800918579
1377,0.002370145870372653
1378,0.0003367880417499691
1379,0.0014805220998823643
1380,0.9976751208305359
1381,0.9941343665122986
1382,0.016973379999399185
1383,0.09887073189020157
1384,0.9999868869781494
1385,0.27762651443481445
1386,0.00301803695037961
1387,0.005135350860655308
1388,0.4619280695915222
1389,0.08494579046964645
1390,1.0
1391,0.016949614509940147
1392,0.9674692749977112
1393,0.024669276550412178
1394,0.6033855676651001
1395,0.015388747677206993
1396,0.00894724391400814
1397,0.03163263946771622
1398,0.0010353847173973918
1399,0.006023764610290527
1400,0.9999982118606567
1401,0.013683298602700233
1402,0.3381299078464508
1403,0.00719969579949975
1404,1.0
1405,1.0
1406,0.0008401112863793969
1407,0.03251895308494568
1408,0.007031423971056938
1409,0.8532430529594421
1410,0.006132907699793577
1411,1.0
1412,0.9998611211776733
1413,0.09730483591556549
1414,0.005384406540542841
1415,0.0015126746147871017
1416,0.06969445943832397
1417,1.0
1418,0.06654422730207443
1419,0.009086724370718002
1420,0.003113523591309786
1421,0.9999998807907104
1422,0.9999957084655762
1423,0.0992349162697792
1424,0.06992889195680618
1425,0.999935507774353
1426,1.0
1427,0.43431994318962097
1428,0.7286725640296936
1429,0.0032824461814016104
1430,1.0
1431,0.003769999137148261
1432,0.003340655006468296
1433,0.5227568745613098
1434,0.9999834299087524
1435,0.0006679418147541583
1436,0.006151163950562477
1437,0.082842618227005
1438,0.06361881643533707
1439,0.03051365166902542
1440,0.006209446582943201
1441,0.9989209175109863
1442,0.1314515322446823
1443,0.05658789724111557
1444,0.9999995231628418
1445,0.0012861675349995494
1446,0.9979827404022217
1447,0.9405883550643921
1448,0.003484993940219283
1449,0.037844467908144
1450,0.9995512366294861
1451,0.9849648475646973
1452,0.9949695467948914
1453,0.012897784821689129
1454,0.05462383106350899
1455,0.0025113823357969522
1456,0.030081752687692642
1457,0.9999995231628418
1458,0.10749990493059158
1459,0.03791065514087677
1460,0.9328148365020752
1461,0.005750800017267466
1462,1.0
1463,0.005511604715138674
1464,0.9999995231628418
1465,0.9999887943267822
1466,1.0
1467,1.0
1468,0.5919140577316284
1469,0.9999995231628418
1470,0.0014144312590360641
1471,0.8911080956459045
1472,0.09812889993190765
1473,0.17157573997974396
1474,0.0025570248253643513
1475,0.006428227759897709
1476,0.005992474500089884
1477,0.0036252522841095924
1478,0.27665993571281433
1479,1.0
1480,1.0
1481,0.18339267373085022
1482,1.0
1483,0.00015658843040000647
1484,0.004243680275976658
1485,0.00568815553560853
1486,0.0410994216799736
1487,1.0
1488,0.0006167760584503412
1489,1.0
1490,0.00044574879575520754
1491,0.9996287822723389
1492,0.03369705006480217
1493,1.0
1494,1.0
1495,0.4004826843738556
1496,0.0011530239135026932
1497,0.9999707937240601
1498,0.015463285148143768
1499,0.9999804496765137
1500,0.9999406337738037
1501,0.04135476425290108
1502,0.0406176894903183
1503,0.023313350975513458
1504,0.006819677073508501
1505,1.0
1506,1.0
1507,0.01170341856777668
1508,0.0137189831584692
1509,0.9999469518661499
1510,0.9999998807907104
1511,0.9999591112136841
1512,0.00264014583081007
1513,0.04645921289920807
1514,1.0
1515,0.07526196539402008
1516,1.0
1517,1.0
1518,0.9340847730636597
1519,0.02777145430445671
1520,0.005176848731935024
1521,0.0051809269934892654
1522,0.0019043103093281388
1523,0.9708422422409058
1524,0.9357225894927979
1525,0.9769566655158997
1526,0.005376996006816626
1527,0.0708652213215828
1528,1.0
1529,0.025642545893788338
1530,0.7309610843658447
1531,0.9887033104896545
